<?xml version="1.0" encoding="UTF-8" standalone="no"?>
<board>
   <members>
      <name>temp4</name>
      <point>1020</point>
   </members>
   <members>
      <name>temp3</name>
      <point>320</point>
   </members>
   <members>
      <name>temp2</name>
      <point>220</point>
   </members>
   <members>
      <name>temp</name>
      <point>120</point>
   </members>
   <members>
      <name>newbie</name>
      <point>100</point>
   </members>
   <members>
      <name>nguyenanh2003</name>
      <point>19</point>
   </members>
   <members>
      <name>nguyenanh</name>
      <point>18</point>
   </members>
   <members>
      <name>bi</name>
      <point>18</point>
   </members>
</board>
